{
	"pattrstorage" : 	{
		"name" : "sub-scale",
		"slots" : 		{
			"1" : 			{
				"id" : 1,
				"lock" : 1,
				"name" : "3 mod - flat",
				"data" : 				{
					"dir vol" : [ 0.0 ],
					"global-env" : [ 1000.0, 0.0, 1.0, 0.0, 1.0, 0, 0.0, 50.0, 1.0, 0, 0.0, 100.0, 1.0, 0, 0.0, 150.0, 1.0, 0, 0.0, 200.0, 1.0, 0, 0.0, 250.0, 1.0, 0, 0.0, 300.0, 1.0, 0, 0.0, 350.0, 1.0, 0, 0.0, 400.0, 1.0, 0, 0.0, 450.0, 1.0, 0, 0.0, 500.0, 1.0, 0, 0.0, 550.0, 1.0, 0, 0.0, 600.0, 1.0, 0, 0.0, 650.0, 1.0, 0, 0.0, 700.0, 1.0, 0, 0.0, 750.0, 1.0, 0, 0.0, 800.0, 1.0, 0, 0.0, 850.0, 1.0, 0, 0.0, 900.0, 1.0, 0, 0.0, 950.0, 1.0, 0, 0.0, 1000.0, 1.0, 0, 0.0, "curve" ],
					"mod vol" : [ 0.0 ],
					"noise_amp" : [ 0.0 ],
					"noise_smooth" : [ 0 ],
					"num-sub" : [ 3 ],
					"cut_frequencies" : [ 0.0, 0.0, 0.0 ],
					"sub-scale-factors" : [ 0.654545, 0.3, 0.445455 ]
				}

			}
,
			"2" : 			{
				"id" : 2,
				"lock" : 1,
				"name" : "3 mod - var",
				"data" : 				{
					"dir vol" : [ 0.0 ],
					"global-env" : [ 1000.0, 0.0, 1.0, 0.0, 0.0, 0, 0.0, 76.237624, 1.0, 0, -0.55, 150.0, 0.0, 0, 0.6, 179.207921, 0.901141, 0, 0.0, 218.811881, 1.0, 0, 0.0, 250.0, 1.0, 0, 0.0, 307.920792, 0.361217, 0, -0.3, 337.623762, 1.0, 0, 0.0, 408.910891, 0.787072, 0, -0.3, 450.0, 1.0, 0, 0.4, 500.0, 1.0, 0, 0.0, 550.0, 1.0, 0, 0.0, 606.930693, 0.627376, 0, -0.45, 650.0, 1.0, 0, 0.85, 700.0, 1.0, 0, 0.0, 747.524752, 0.749049, 0, 0.55, 791.089109, 1.0, 0, -0.5, 850.0, 1.0, 0, 0.0, 901.980198, 0.604563, 0, 0.7, 950.0, 1.0, 0, 0.0, 1000.0, 1.0, 0, 0.0, "curve" ],
					"mod vol" : [ -3.590551 ],
					"noise_amp" : [ 0.0 ],
					"noise_smooth" : [ 0 ],
					"num-sub" : [ 3 ],
					"cut_frequencies" : [ 954.545471, 1418.181763, 654.545471 ],
					"sub-scale-factors" : [ 0.690909, 0.654545, 0.890909 ]
				}

			}
,
			"3" : 			{
				"id" : 3,
				"name" : "3 mod - var - noise",
				"data" : 				{
					"dir vol" : [ 0.0 ],
					"global-env" : [ 1000.0, 0.0, 1.0, 0.0, 0.0, 0, 0.0, 76.237624, 1.0, 0, -0.55, 150.0, 0.0, 0, 0.6, 179.207921, 0.901141, 0, 0.0, 218.811881, 1.0, 0, 0.0, 250.0, 1.0, 0, 0.0, 307.920792, 0.361217, 0, -0.3, 337.623762, 1.0, 0, 0.0, 408.910891, 0.787072, 0, -0.3, 450.0, 1.0, 0, 0.4, 500.0, 1.0, 0, 0.0, 550.0, 1.0, 0, 0.0, 606.930693, 0.627376, 0, -0.45, 650.0, 1.0, 0, 0.85, 700.0, 1.0, 0, 0.0, 747.524752, 0.749049, 0, 0.55, 791.089109, 1.0, 0, -0.5, 850.0, 1.0, 0, 0.0, 901.980198, 0.604563, 0, 0.7, 950.0, 1.0, 0, 0.0, 1000.0, 1.0, 0, 0.0, "curve" ],
					"mod vol" : [ -1.818182 ],
					"noise_amp" : [ 4.0 ],
					"noise_smooth" : [ 100 ],
					"num-sub" : [ 3 ],
					"cut_frequencies" : [ 954.545471, 1418.181763, 654.545471 ],
					"sub-scale-factors" : [ 0.690909, 0.654545, 0.890909 ]
				}

			}
,
			"4" : 			{
				"id" : 4,
				"name" : "2 mod - solo-angus",
				"data" : 				{
					"dir vol" : [ 0.0 ],
					"global-env" : [ 1000.0, 0.0, 1.0, 0.0, 1.0, 0, 0.0, 50.0, 1.0, 0, 0.0, 100.0, 1.0, 0, 0.0, 150.0, 1.0, 0, 0.0, 200.0, 1.0, 0, 0.0, 250.0, 1.0, 0, 0.0, 300.0, 1.0, 0, 0.0, 350.0, 1.0, 0, 0.0, 400.0, 1.0, 0, 0.0, 450.0, 1.0, 0, 0.0, 500.0, 1.0, 0, 0.0, 550.0, 1.0, 0, 0.0, 600.0, 1.0, 0, 0.0, 650.0, 1.0, 0, 0.0, 700.0, 1.0, 0, 0.0, 750.0, 1.0, 0, 0.0, 800.0, 1.0, 0, 0.0, 850.0, 1.0, 0, 0.0, 900.0, 1.0, 0, 0.0, 950.0, 1.0, 0, 0.0, 1000.0, 1.0, 0, 0.0, "curve" ],
					"mod vol" : [ 0.0 ],
					"noise_amp" : [ 1.0 ],
					"noise_smooth" : [ 500 ],
					"num-sub" : [ 2 ],
					"cut_frequencies" : [ 1363.636353, 818.181824 ],
					"sub-scale-factors" : [ 1.0, 1.0 ]
				}

			}

		}

	}

}
